candidate_id,title,venue_name,output_type,publication_year,impact_factor,author_names,research_topics/0,research_topics/1,research_topics/2
1,"A Hybrid Framework Integrating Deterministic Clustering, Neural Networks, and Energy-Aware Routing for Enhanced Efficiency and Longevity in Wireless Sensor Network",International Journal,Journal,2025,2.1,"Muhammad Salman Qamar, Muhammad Fahad Munir",,,
1,AI for Cleaner Air: PredictiveModeling of PM2.5 Using Deep Learning and Traditional Time-Series Approaches,International Journal,Journal,2025,2.5,"Muhammad Salman Qamar, Muhammad Fahad Munir, Athar Waseem",,,
1,Improvement of Traveling Salesman Problem Solution using Hybrid Algorithm based on Best-Worst Ant System and Particle Swarm Optimization,International Journal,Journal,2021,2.8,"Muhammad Salman Qamar, Shanshan Tu, Farman Ali, Ammar Armghan, Muhammad Fahad Munir, Fayadh Alenezi, Fazal Muhammad, Asar Ali, Norah Alnaim",,,
1,Enhancing Energy Efficiency in WSNs with Hybrid LEACH-D and ANN,international Conference,Conference,2024,0,"Muhammad Salman Qamar, Muhammad Fahad Munir, Mardeni Bin Roslee, Adnan Anwar Awan, Athar Waseem",,,
1,A Novel Approach to Energy Optimization: Efficient Path Selection in Wireless Sensor Networks with Hybrid ANN,International Journal,Journal,2024,2.1,"Muhammad Salman Qamar, Ihsan ul Haq, Amil Daraz, Atif M. Alamri, Salman A. AlQahtani",,,
2,Joint Backhaul Pairing and Resource Allocation of Moving Small Cells Using NOMA,International Conference,Conference,2023,0,"Myra Khalid, Aamina Akbar, Hassaan Khaliq Qureshi, Sobia Jangsher",,,
2,Ga-Optimized Jt-Comp F-Noma in Hetnets: Adaptive Resource Allocation with Imperfect Sic,Journal,Journal,2025,2.2,"Aamina Akbar, Ashfaq Ahmed, Adnan Zafar, Sobia Jangsher",,,
2,An energy-efficient JT-CoMP enabled framework with adaptive OMA/NOMA in HetNets,Journal,Journal,2024,4.4,"Aamina Akbar, Ashfaq Ahmed, Adnan Zafar, Sobia Jangsher",,,
2,NOMA and 5G emerging technologies: A survey on issues and solution techniques,Journal,Journal,2021,4.4,"Aamina Akbar, Sobia Jangsher, Farrukh Aziz Bhatti",,,
5,Lightweight aes design for iot applications: Optimizations in fpga and asic with dfa countermeasure strategies,IEEE Access,Journal,2025,3.6,"Salman Ahmed, Nabihah Ahmad, Nasir Ali Shah, Ghulam E Mustafa Abro, Ardhi Wijayanto, Abdinasir Hirsi, Abdul Rehman Altaf",,,
5,Analysis of machine learning based imputation of missing data,Cybernetics and Systems,Journal,2023,1.8,"Syed Tahir Hussain Rizvi, Muhammad Yasir Latif, Muhammad Saad Amin, Achraf Jabeur Telmoudi, Nasir Ali Shah",,,
5,Cuda-optimized gpu acceleration of 3gpp 3d channel model simulations for 5g network planning,Electronics,Journal,2023,2.6,"Nasir Ali Shah, Mihai T Lazarescu, Roberto Quasso, Luciano Lavagno",,,
5,FPGA acceleration of 3GPP channel model emulator for 5G new radio,IEEE Access,Journal,2022,3.6,"Nasir Ali Shah, Mihai T Lazarescu, Roberto Quasso, Salvatore Scarpina, Luciano Lavagno",,,
6,Machine Learning and Multivariate Analysis of Depression Prevalence and Predictors in Acute Coronary Syndrome,IEEE Access,Journal,2025,3.6,Etizaz Ahsan Shah; Syeda Javeria Ahsan; Muhammad Farrukh Qureshi; Sohail Khalid; Rahmat Ullah; Mujeeb Ur Rehman,,,
6,Automated lumpy skin grading in bovine images using novel deep convolutional neural networks,Multimedia Tools and Applications,Journal,2025,3.6,"Abdul Malik Muhammad, Muhammad Zia ur Rehman, Zohaib Mushtaq, Muhammad Farrukh Qureshi",,,
7,Incorporation of carbon nanotubes in photoactive layer of organic solar cells,Ain Shams Engineering Journal,Journal,2020,1.95,"Danish Khan, Zahid Ali, Idris Khan, Danyal Asif, Manoj Kumar Panjwani",,,
7,Effect of Solar Concentrators on the Efficiency of Solar Panels,International Conference on,Conference,2018,0,"Manoj Kumar Panjwani, Li Meicheng, Danish Khan, Idris Khan, Mohan Menghwar",,,
7,A study of product distribution under fast pyrolysis of wheat stalk while producing Bio-oil,International Conference on Computing,Conference,2018,0,"Tahir Iqbal, Qiang Lu, Chang-qing Dong, Min-xing Zhou, Zulqarnain Arain, Zulfiqar Ali, Idris Khan, Zafar Hussain, Adnan Abbas",,,
7,A review on the challenges and possibilities of using CNTs in organic solar cells,Science of Advanced Materials,Journal,2018,1.32,"Danish Khan, ZhanAoTan, Idris Khan, Manoj Kumar Panjwani",,,
7,Sketching Pakistan's energy dynamics: Prospects of biomass energy,JOURNAL OF RENEWABLE AND SUSTAINABLE ENERGY,Journal,2018,1.34,"Tahir Iqbal, Chang-qing Dong, Qiang Lu, Zulfiqar Ali, Idris Khan, Zafar Hussain, Adnan Abbas",,,
7,Photovoltaic Power Forecasting based on Elman Neural Network,8th IEEE International Conference,Conference,2017,0,"Idris Khan, Honglu Zhu, Jianxi Yao, Danish Khan",,,
7,Photovoltaic Power prediction by Cascade forward artificial neural network,7th international conference on,Conference,2017,0,"Idris Khan, Honglu Zhu, Danish Khan, Manoj Kumar Panjwani",,,
7,Hybrid Power Forecasting Model for Photovoltaic Plants Based on Neural Network and Air Quality Index,International Journal of Photoenergy,Journal,2017,1.55,"Idris Khan, Honglu Zhu, Jianxi Yao, Danish Khan, Tahir Iqbal",,,
7,Preparation and breakdown properties of mineral oil based alumina nanofluids,International conference on Emerging,Conference,2015,0,"Muhammad Rafiq, Chengrong Li, Idris Khan, Hu Zhifeng, Yuzhen Lv, Kai Yi",,,
7,Comparison of transmission losses and voltage drops of GIL(Gas Insulated transmission line) and overhead transmission lines,Power Electronics and Motion Control,Conference,2014,0,"Danish Khan, Muhammad Rafiq, Syed Furqan Rafique, Idris Khan, Farukh Abbas",,,
8,Reconfigurable Intelligent Surfaces Assisted NLOS Radar Anti Jamming Using Deep Reinforcement Learning,JOURNAL,Journal,2024,2,"MUHAMMAD MAJID AZIZ, A Habib, A Zafar",,,
8,Anti-jamming radar waveform design for repeater jammer using reinforcement learning,JOURNAL,Journal,2024,5.8,"MUHAMMAD MAJID AZIZ, A Habib, ARM Maud, A Zafar, SA Irtaza",,,
8,Reinforcement learning based techniques for radar anti-jamming,Conference,Conference,2021,,"muhammad majid aziz, ARM Maud, A Habib",,,
9,Economic analysis of a small hybrid power system,Power Generation System and Re,Journal,2015,0,"Muhammad Sarmad Tariq, Arsham Iqbal, Ibrahim F Muhammad, Muhammad Faraz, Muhammad S Tariq, Hasan-ul Banna",,,
9,"Impact of module and inverter failures on the performance of central-, string-, and micro-inverter PV systems",Microelectronics Reliability,Journal,2018,1.96,"Muhammad Sarmad Tariq, Muhammad S Tariq, Saad A Butt, Hassan A Khan",,,
9,Harmonic analysis of grid-connected solar PV systems with nonlinear household loads in low-voltage distribution networks,Sustainability,Journal,2021,3.3,"Muhammad Sarmad Tariq, Syed Muhammad Ahsan, Hassan Abbas Khan, Akhtar Hussain, Sarmad Tariq, Nauman Ahmad Zaffar",,,
9,Optimal power flow and contingency analysis incorporating distributed facts and dynamic thermal line rating,North American Power Symposium,Conference,2021,0,Muhammad Sarmad Tariq,,,
9,A Unified Power Flow Controller (UPFC) Based Optimal Power Flow Methodology for Balancing Electric Grid Line-Loading,IEEE Industry Applications Soc,Conference,2024,0,Muhammad Sarmad Tariq,,,
9,Optimal Location Methodology for Multiple UPFCs to Reduce Transmission Congestion,SoutheastCon,Conference,2025,0,Muhammad Sarmad Tariq,,,
9,Optimal Power Flow Methodology with UPFC and Synchronous generator for Optimal Power Flow Management,SoutheastCon,Conference,2025,0,Muhammad Sarmad Tariq,,,
11,Multiple Batches of Motion History Images (MB-MHIs) for Multi-view Human Action Recognition,Arabian Journal for Science and Engineering,Journal,2020,1.52,"Hajra Binte Naeem, Fiza Murtaza, Muhammad Haroon Yousaf, Sergio A Velastin",,,
11,TAB: Temporally aggregated bag-of-discriminant-words for temporal action proposals,Computer Vision and Image Understanding,Journal,2019,2.65,"Fiza Murtaza, Muhammad Haroon Yousaf, Sergio A. Velastin",,,
12,Spectral Restoration based speech enhancement for robust speaker identification,Journals,Journal,2017,3.4,"tayyaba gul tareen, N Saleem",,,
12,Shunt-Active-Power-Filter-A-Review,journal,Journal,2024,5.6,"tayyaba gul tareen, Wajahat Ullah Khan Tareen, Muhammad Aamir, Jehanzeb Khan and Naveed Jan",,,
12,Free-Space Optical channel turbulence analysis based on lognormal distribution and stochastic differential equation,journal,Journal,2018,3.01,"tayyaba gul tareen, Shahryar Shafique, Mehr-e-Munir",,,
12,Measuring the Performance of Handover Mechanisms in UMTS for Diverse Traffic Services Classes to Improve QoS,journal,Journal,2011,6,"Tayyaba Tareen, Sher Ali, Nasir Saleem",,,
12,Design of a Multi-Mode Power Management System for Electric Vehicles with Grid Integration,journal,Journal,2024,5.6,"Tayyaba Gul Tareen, Muhammad Aamir, Jehanzeb Khan, Ghassan Husnain, Fakhar Anjam",,,
13,A gene selection algorithm for microarray cancer classification using an improved particle swarm optimization,Scientific Reports,Journal,2024,3.8,"Muhammad Abubakar, Arfan Ali Nagra, Ali Haider Khan, Muhammad Faheem, Adil Rasool, Khalid Masood & Muzammil Hussain",,,
13,High-Precision Identification of Power Quality Disturbances Based on Discrete Orthogonal S-Transforms and Compressed Neural Network Methods,IEEE Access,Journal,2023,3.6,"MUHAMMAD ARFAN ALI NAGRA, MUHAMMAD ABUBAKAR, FAHEEM, MUHAMMAD MUDASSAR, AND MUHAMMAD SOHAIL",,,
14,"Catalytically Active Bimetallic Nickelâ€“Cobalt MOF Linked Via Pyridine 2, 6- Dicarboxylate for Electrochemical Water Splitting Applications",Arab Journal of Science & Engineering,Journal,2024,2.9,"Zahid, R Abdul Karim, M.R., Khan, F.S.",,,
15,Preparation of dual mode spectroscopic system for testing: Analysis of sample holder and investigation of intensity noise,Heliyon,Journal,2025,3.9,"Usman Masud, Walaa Alayed, Momna Ikram",,,
15,Sensitivity evaluation of Brownian motion and chemical reaction parameter on transport of motile gyrotactic microorganism in nanofluid over a wedge,ZAMM - Journal of Applied Mathematics,Journal,2024,2.3,"Usman Masud, Dilawar Hussain, Zaheer Asghar, Ahmed Zeeshan",,,
15,A Novel Deep Learning Framework With Meta-Heuristic Feature Selection for Enhanced Remote Sensing Image Classification,IEEE Access,Journal,2024,4,"Usman Masud, Bilal Ahmed, Tallha Akram, Syed Rameez Naqvi, Anas Alsuhaibani, Youssef N. Altherwy",,,
16,Please see google scholar profile,Google Scholar,Unknown,2025,,Muhammad Ehatisham,,,
17,A Novel Method of Transformer Overloading on Detection by Magnetic Flux Leakage Measurements,IEEE Transactions Instrumentation,Journal,2025,5.6,"Waqas Amin, Arsalan Habib Khawaja, Wajiha, Ateeq, Dongsheng Cai, Qi Huang",,,
18,Techno-Economic Analysis of H. Chowdhury Visible Light Communications,IEEE International Symposium on Wir,Conference,2013,1.5,"H. Chowdhury, H. Bagheri, M. Ikram Ashraf, S. Tamoor-ul-Hassan, Marcos Katz",,,
18,Device-to-device assisted mobile cloud framework for 5G networks,IEEE 14th International Conference,Conference,2016,0.91,"Muhammad Ikram Ashraf, Syed Tamoor-ul-Hassan, Shahid Mumtaz, Kim Fung Tsang, Jonathan Rodriquez",,,
18,Latency-Aware Radio Resource Optimization in Learning-Based Cloud-Aided Small Cell Wireless Networks,IEEE Transactions on Green Computing,Journal,2023,5.3,"S. Tamoor-ul-Hassan, S. Samarakoon, M. Bennis, M. Latva-aho",,,
18,Learning-based Caching in Cloud-Aided Wireless Networks,IEEE Communication Letters,Journal,2017,3.7,"S. Tamoor-ul-Hassan, S. Samarakoon, M. Bennis, M. Latva-aho, C.S. Hong",,,
18,Caching in Wireless Small Cell Networks: A Storage-Bandwidth Tradeoff,IEEE Communication Letters,Journal,2016,3.7,"S. Tamoor-ul-Hassan, M. Bennis, P. H. J. Nardelli, M. Latva-aho",,,
18,Modeling and Analysis of Content Caching in Wireless Small Cell Networks,IEEE International Symposium on Wir,Conference,2015,1.5,"S. Tamoor-ul-Hassan, M. Bennis, P. H. J. Nardelli, M. Latva-aho",,,
18,Mobile Cloud based architecture for Device-to-Device Communication Underlying Cellular Network,IEEE IFIP Wireless Days,Conference,2013,1.37,"S. Tamoor-ul-Hassan, M. Ikram Ashraf, Marcos D. Katz",,,
19,A hybrid metaheuristic approach for the solution of renewables-incorporated economic dispatch problems,Journal,Journal,2020,3.75,"Manzoor Ellahi, G. Abbas",Renewable Energy,Economic Dispatch,
20,Enabling PUF-based Authentication in QKD Networks,International Conference,Conference,2025,0,"S. Tahir, S. Civelli, M. Ferrari, L. PotÃ¬, E. Paolini, P. Nadimi Goki, M. Brunero, A. Gatto, N. Andriolli, A. Giorgetti",,,
20,A Blocking Probability Study for the Aethereal Network-on-Chip,International Conference,Conference,2016,0,"S. Tahir, G. Marchetto, M. Grosso",,,
20,Merit of hybrid EDFA/Raman amplification in fixed-grid all-optical network exploiting multi-rate transponders,International Journal of Communication Systems (IJCS),Journal,2018,1.88,"S. Tahir, A. Ahmad, A. Bianco, H. Chouman, D. DeTommaso, G. Marchetto, V. Curri",,,
20,Raman Pumping as an Energy Efficient Solution for NyWDM Flexible-grid Elastic Optical Networks,International Journal of Electrical,Journal,2017,0,"S. Tahir, A. Ahmad, A. Bianco, V. Curri, G. Marchetto",,,
20,Impact of Fiber Type and Raman Pumping in NyWDM Flexible-grid Elastic Optical Networks,IEEE International Conference on Transparent Optical Networks (ICTON 2016),Conference,2016,0,"S. Tahir, A. Ahmad, A. Bianco, H. Chouman, V. Curri, G. Marchetto",,,
21,Multiple contaminant biosignal quality analysis for electrocardiography,Biomedical Signal Processing and Control,Journal,2022,4.9,"M. U. Abbasi, A. Rashad, G. Srivastava, and M. Tariq",,,
21,Improved and secured electromyography in the Internet of health things,IEEE Journal of Biomedical and Health Informatics,Journal,2021,6.7,"M. U. Abbasi, M. Kamal, and M. Tariq",,,
21,Detection of epilepsy seizures in neo-natal EEG using LSTM architecture,IEEE Access,Journal,2019,3.6,"M. U. Abbasi, A. Rashad, A. Basalamah, and M. Tariq",,,
22,Accuracy Improvement of Non-Intrusive Load Monitoring Using Voting-Based Consensus Clustering,IEEE Access,Journal,2023,3.36,"Muzzamil Ghaffar, Shakil Rehman Sheikh, Noman Naseer, Syed Ali Usama, Bashir Salah, Soliman Alkhatib",,,
22,Reducing the Environmental Impact of School Buildings Through Better Design: A Case Study in Pakistan,European Conference on Sustainability,Conference,2018,,"Muzzamil Ghaffar, Shakil Rehman Sheikh, Nouman Ghafoor, Atiq ur Rehman",,,
22,Mitigating CO2 emissions of academic buildings in Pakistan using energy conservation techniques,JOURNAL OF ENGINEERING AND APPLIED,Journal,2019,,"Muzzamil Ghaffar, Shakil Rehman Sheikh, Zafar Ullah Koreshi, Nouman Ghafoor, Muhammad Shahid Khalil",,,
22,Electrical energy management of building using fuzzy control,International Conference on Ro,Conference,2019,,"Muzzamil Ghaffar, Noman Naseer, Shakil R Sheikh, Muhammad Naved, Umair Aziz, Zafar Ullah Koreshi",,,
22,Assistive Smart Home Environment using Head Gestures and EEG Eye Blink Control Schemes,International Conference on Ar,Conference,2021,,"Muzzamil Ghaffar, Shakil R Sheikh, Noman Naseer, Fraz Ahmed",,,
22,Non-intrusive load monitoring of buildings using spectral clustering,Sensors,Journal,2022,3.84,"Muzzamil Ghaffar, Shakil R Sheikh, Noman Naseer, Zia Mohy Ud Din, Hafiz Zia Ur Rehman, Muhammad Naved",,,
23,Performance evaluation of Long Term Evaluation Mobile Broadband Standardâ€™s Physical Layer,New Horizons,Journal,2011,0,"Engr. Qaiser Hussain, Engr. Gulistan Raja",,,
23,Full Duplex Relaying in Non Orthogonal Multiple Access System with Advanced Successive Interference Cancellation,Radioengineering Journal,Journal,2020,1.1,"Q. Hussain, S. Sohaib",,,
23,Performance Analysis of Hybrid Half and Full Duplex User Relaying Non Orthogonal Multiple Access System with Advanced Successive Interference Cancellation,Telecommunication Systems Journal,Journal,2023,2.34,"Hussain, Qaiser",,,
23,On the Capacity Analysis Performance of ASIC Based Hybrid Full and Half Duplex User Relaying Cooperative NOMA System,Wireless Personal Communication Journal,Journal,2023,2.21,"Hussain, Qaisar",,,
24,Graphene as a Phase Shifter Element for Reflectarray Beam-Steering at THz Frequencies,Progress In Electromagnetics Research,Journal,2025,0,"SA Qureshi, Muhammad Ramlee Kamarudin, Yoshihide Yamada, Muhammad Inam Abbasi, Muhammad Hashim Dahri, Zuhairiah Zainal Abidin, Nordin Ramli",THz,Reflectarray,Graphene
24,Planar edged UWB antenna for water quality measurement,Progress In Electromagnetics Research,Journal,2023,0,"Joseph Charles Vinoth, Subramaniam Ramesh, Zuhairiah Z Abidin, Suhail A Qureshi, Sivathanu Chitra, Elumalai Saranya",UWB Antenna,,
24,Early Detection and Quantitative Analysis of Skin Cancer Using THz Metamaterial Biosensor,International Journal of Integrated,Journal,2024,1,"SA Qureshi, ZZ Abidin, MR Kamarudin, NB Ghazali",THz,Biosensor,Skin Cancer
24,The 6G Reconfigurable Reflectarray Antenna Using a Gold-VO-2 Bilayer Structure,Progress In Electromagnetics Research,Journal,2024,1,"SA Qureshi, MR Kamarudin, MI Abbasi, Y Yamada, MH Dahri, ZZ Abidin",6G,Reflectarray,
24,Millimetreâ€wave metamaterialâ€based sensor for characterisation of cooking oils,International Journal of Antennas,Journal,2021,1.2,"SA Qureshi, Z Zainal Abidin, AY Isa Ashyap, HA Majid, MR Kamarudin",Metamaterial,Sensor,
24,Double-Layered metamaterial resonator operating at millimetre wave for detection of dengue virus,AEU-International Journal of Electr,Journal,2022,3.2,"SA Qureshi, ZZ Abidin, HA Majid, AYI Ashyap, CH See",Metamaterial,Dengue Detection,
24,Glucose level detection using millimetre-wave metamaterial-inspired resonator,Plos one,Journal,2022,2.6,"SA Qureshi, ZZ Abidin, NIM Elamin, H A. Majid, AYI Ashyap, J Nebhen",Glucose Detection,Metamaterial,
24,Reflectarray 2D Beam-Steering With Graphene on Copper Elements for 6G Point-to-Point Communication,IEEE Open Journal of Antennas and Propagation,Journal,2024,3.6,"SA Qureshi, MR Kamarudin, Y Yamada, MI Abbasi, MH Dahri, ZZ Abidin",6G,Reflectarray,
25,Coastline Extraction From SAR Data Using Doppler Centroid Images,IEEE Geoscience and Remote Sensing,Journal,2022,5,"Muhammad Amjad Iqbal, Andrei Anghel, Mihai Datcu",SAR,Doppler Centroid,
26,Enhancing Backscatter Wireless-Powered Communication in IoT Networks with Power-Domain NOMA,Wireless-Powered Backscatter Commun,Journal,2024,0,"Shah Zeb, Qamar Abbas, Syed Ali Hassan, Aamir Mahmood, Mikael Gidlund",,,
26,NOMA enhanced backscatter communication for green IoT networks,16th International Symposium,Conference,2019,0,"Shah Zeb, Qamar Abbas, Syed Ali Hassan, Aamir Mahmood, Rafia Mumtaz, SM Hassan Zaidi, Mikael Gidlund",,,
26,Joint Optimization of Age of Information and Energy Efficiency in IoT Networks,91st Vehicular Technology Conf,Conference,2020,0,"Qamar Abbas, Shah Zeb, Syed Ali Hassan, Rafia Mumtaz, Syed Ali Raza Zaidi",,,
26,Age of Information in Wireless-Powered Backscatter Communication,Wireless-Powered Backscatter Commun,Journal,2020,0,"Qamar Abbas, Shah Zeb, Syed Ali Hassan",,,
26,A Markovian Model for the Analysis of Age of Information in IoT Networks,IEEE Wireless Communications Letter,Journal,2021,6.3,"Qamar Abbas, Syed Ali Hassan, Haris Pervaiz, Qiang Ni",,,
26,A comprehensive survey on age of information in massive IoT networks,Computer Communications,Journal,2023,6,"Qamar Abbas, Syed Ali Hassan, Hassaan Khaliq Qureshi, Kapal Dev, Haejoon Jung",,,
26,On minimizing the age of information in NOMA-based vehicular networks using Markov decision process,IEEE Transactions on Intelligent Tr,Journal,2022,9.6,"Qamar Abbas, Syed Ali Hassan, Haejoon Jung, M Shamim Hossain",,,
27,Flexible IoT Datapath Programming using P4,International Conference on Green,Conference,2019,,Shahzad Eun Sung Jung,IoT,,
27,Enhanced Explicit Congestion Notication (EECN) in TCP with P4 Programming,International Conference on Green,Conference,2020,,"Shahzad Eun-Sung Jung, J. Chung and R. Kettimuthu",TCP,,
27,FLIP: Flexible IoT Path programming for Large-scale IoT,20th IEEE/ACM International Symposium,Conference,2020,,Shahzad Eun Sung Jung,IoT,,
27,Big Data Merging and Deep Learning Model Optimization for Improving Weather Information Forecasting Performance,Journal of the Institute of Electronics,Journal,2021,,"Kyung Kyu Ko Shahzad, Eun Sung Jung",Big Data,Deep Learning,
27,Reinforcement Learning-Aided Edge Intelligence Framework for Delay-Sensitive Industrial Applications,Sensors,Journal,2022,3.4,"M Zubair Islam Shahzad, Rashid Ali, Amir Haider, Hyung Seok Kim",Reinforcement Learning,,
27,IoTactileSim: A Virtual Testbed for Tactile Industrial Internet of Things Services,Sensors,Journal,2021,3.4,"M Zubair Islam Shahzad, Rashid Ali, Amir Haider, Hyung Seok Kim",IoT,,
27,Learning-Based Adaptive Sliding-Window RLNC for High Bandwidth-Delay Product Networks,IEEE Access,Journal,2023,3.4,"Shahzad Rashid Ali, Amir Haider, Hyung Seok Kim",,,
27,RLECN: A Reinforcement Learning Based Dynamic ECN Threshold Setting Mechanism,ICT Express,Journal,2023,4.1,"Shahzad Eun Sung Jung, Hyung Seok Kim",Reinforcement Learning,,
27,RS-RLNC: A Reinforcement Learning Based Selective Random Linear Network Coding Framework For Tactile Internet,IEEE Access,Journal,2023,3.4,"Shahzad Rashid Ali, Amir Haider, Hyung Seok Kim",Reinforcement Learning,,
28,Comparative analysis of mathematical and simulation models for electric field generated beneath 400 kV overhead transmission lines,Measurement Part E,Journal,2025,5.6,"Matiullah Ahsan, Md Nor Ramdon Baharom, Ihsan Ullah Khalil, Zainab Zainal",,,
28,Deep learning based vision transformer approach for detecting overlapping PV faults using multi labeling,Measurement Part E,Journal,2025,5.6,"Umais Khan, Sarim Farqaleet Khan, Ihsan Ullah Khalil, Matiullah Ahsan",,,
28,Simulation-based analysis of electric field characteristics under high-voltage double-circuit and quadrupole overhead transmission lines,Journal of Electrostatics,Journal,2025,1.9,"Matiullah Ahsan, Md Nor Ramdon Baharom, Ihsan Ullah Khalil, Zainab Zanial",,,
28,Analysis of high-ampacity and low-sag conductors of 275 kV overhead transmission lines using reconductoring technique,Electric Power Systems Research,Journal,2025,3.9,"Matiullah Ahsan, Md Nor Bahrom, Ihsan Ullah Khalil, Zainab Zainal",,,
28,Influence of Oxygen on Dielectric Properties of HFO1336Mzz(E)/CO2 Gas Mixture,Innovations in Power and Advanced,Unknown,2023,0,"Rizwan Ahmed, Rahisham Abd Rahman, Muhammad Saufi bin Kamarudin, MD Nor Ramdon bin Baharom, Amir Izzani bin Mohamed, Mati Ullah Ahsan",,,
28,Parameters design optimization of grading ring based on electric field analysis through response surface methodology,Journal,Journal,2024,0,"Matiullah Ahsan, Md Nor Ramdon bin Baharom, Zainab binti Zainal, Ihsan Ullah Khalil",,,
28,"Solar PV adoption for homes (A case of Peshawar, Pakistan)",Conference,Conference,2017,0,"IU Khalil, Abraiz Khattak, Mati Ullah Ahsan",,,
28,SOC prediction of Lithium-Ion Battery using Extended Kalman Filter,International/conference,Conference,2019,0,I.U Khalil; Matiullah Ahsan; Irshad Ullah; Arbab Adnan; Naveed Khan; Shah Nawaz,,,
28,Unified Fuzzy Logic Based Approach for Detection and Classification of PV Faults Using I-V Trend Line,Journal,Journal,2022,3,"Imran Hussain,Ihsan Ullah Khalil,Aqsa Isla,Matiullah Ahsan",,,
28,Comparative Analysis of Photovoltaic Faults and Performance Evaluation of its Detection Techniques,Journal,Journal,2020,3.4,Ihsan Ullah Khalil; Azhar Ul-Haq; Yousef Mahmoud; Marium Jalal; Muhammad Aamir; Mati Ullah Ahsan,,,
28,Measuring and simulation of magnetic field generated by high voltage overhead transmission lines,Journal,Journal,2024,6,"Matiullah Ahsan, Md Nor Ramdon Baharom, Zainab Zainal, Ihsan Ullah Khalil",,,
28,Improving electric field stress using grading ring devices for insulated cross-arm,Journal,Journal,2024,6,"Matiullah Ahsan, Md Nor Ramdon Baharom, Zainab Zainal, Ihsan Ullah Khalil, Norain Sahari, Enas Ali, Ramy NR Ghaly",,,
28,Simulation based comparative analysis of electric field stress on insulated cross-arm,Journal,Journal,2024,6,"Matiullah Ahsan, Md Nor Ramdon Baharom, Zainab Zainal, Ihsan Ullah Khalil",,,
28,Historical Review of Advancements in Insulated Cross-Arm Technology,"Energies,MDPI",Journal,2022,3,"Matiullah Ahsan, Md Nor Ramdon Bin Baharom, Zainab Zainal, Luqman Hakim Mahmod, Irshad Ullah, Mohd Fairouz Mohd Yousof, Nor Akmal Mohd Jamail, Muhammad Saufi Kamarudin, Rahisham Abd Rahman",,,
29,A Hybrid Spatial and Temporal Attention Driven Network for Left Ventricular Function Assessment Using Echocardiography,Journal,Journal,2025,3.9,"Samana Batool, Mubeen Ghafoor, Imtiaz Ahmed Taj, Wadood Abdul",,,
29,EFNet: A Multitask Deep Learning Network for Simultaneous Quantification of Left Ventricle Structure and Function,Physica Medica,Journal,2024,3.3,"Samana Batool, Imtiaz Ahmad Taj, Mubeen Ghafoor",,,
29,Ejection Fraction Estimation from Echocardiograms Using Optimal Left Ventricle Feature Extraction Based on Clinical Methods,Diagnostics,Journal,2023,3,"Samana Batool, Imtiaz Ahmad Taj, Mubeen Ghafoor",,,
30,Information theory based redundancy and independent component analysis,Proceedings of the IC,Conference,2008,1,"A. Masood, A K Nandi",,,
30,Cochlear Microphonic Data Acquisition System,IEEE Instrumentation and Measurement,Journal,2024,1,"A. Masood, P. Teal, C. Hollitt and R. Dykstra",,,
30,Independent Component Analysis based speech separation using geometric kth nearest neighbor entropy estimator,IEEE 5th International Conference,Conference,2020,1.5,"A. Masood, Z. Ye",,,
30,Independent Vector Analysis based Convolutive Speech Separation by Estimating Entropy using Recursive Copula Splitting,15th IEEE International Conference,Conference,2020,1.5,"A. Masood, R. Tong, M. Shakeel and Z.Ye",,,
30,Single Channel Speech Separation using Deep Recurrent Neural Network via Copula Component Analysis,International Journal of Speech Technology,Journal,2021,2,"Asim Masood, Md Imran Hossain and Zhongfu Ye",,,
30,Independent Vector Analysis based convolutive speech separation using geometric kth nearest neighbor entropy estimator,Machine Learning,Journal,2021,4.3,"Asim Masood, Md Imran Hossain and Zhongfu Ye",,,
30,Dual-Transform Source Separation Using Sparse Non-Negative Matrix Factorization,"Circuits, Systems & Signal Processing",Journal,2021,1.8,"Asim Masood, Md. Imran Hossain, Md. Shohidul Islam, Mst. Titasa Khatun, Rizwan Ullah, Zhongfu Ye",,,
30,A non-invasive cochlear microphonic measurement system,Journal,Journal,2012,2.1,"Asim Masood, P.D.Teal and C.Hollitt",,,
30,Improvement of Joint Optimization of Masks and Deep Recurrent Neural Networks for Monaural Speech Separation using Optimized Activation Functions,Chinese Journal of Acoustics,Journal,2020,1.5,"Asim Masood, Zhongfu Ye",,,
31,Identification of efficient COVID-19 diagnostic test through artificial neural networks approach,Journal of Intelligent Systems,Journal,2021,2.1,"Mustafa Kamal Pasha, Syed Fasih Ali Gardazi, Imtiaz, Asma Talib Qureshi, and Rabia Afrasiab",,,
31,Latency Analysis of an RF Energy Harvesting System with a Backscatter Symbiotic Radio,IEEE Wireless communication and net,Journal,2024,5.1,"Syed Fasih Ali Gardazi, Momin Uppal, Jawwad Nasar Chattha",,,
31,Latency-Optimum NOMA With RF Energy Harvesting and Finite Battery Capacity,IEEE Communication Letters,Journal,2023,4.4,"Syed Fasih Ali Gardazi, Momin Uppal, Jawwad Chattha",,,
31,On achieving throughput optimality with energy predictionâ€“based power allocation in 5G networks,Transaction on Emerging Telecommuni,Journal,2018,2.5,"Syed Fasih Ali Gardazi, Rizwan Ahmed, Hassaan Khaliq, Waqas Ahmed",,,
32,Comparison of Cold-Cup Biopsy Versus Resection Biopsy in the Early Detection of Detrusor Muscle Invasion in the Case of Bladder Tumor,Cureus,Journal,2025,1.3,"Saifullah Khan, Faiza Hayat, Sania Gul, Qudratullah Wazir",,,
32,STEM: spatial speech separation using twin-delayed DDPG reinforcement learning and expectation maximization,Journal,Journal,2025,3.4,"Muhammad Salman Khan, Sania Gul",,,
33,Optimal Siting of Phasor Measurement Units in National Transmission Network of Pakistan to Ensure Complete System Observability,IEEE 23rd International Multitopic,Conference,2020,0,"Muhammad Musadiq Ahmed, Atif Naveed Khan, Muhammad Nadeem, Kashif Imran",,,
33,An Optimal PMU Placement Against N-1 Contingency of PMU Using Integer Linear Programming Approach,International Conference on Applied,Conference,2019,0,"Muhammad Musadiq Ahmed, Kashif Imran",,,
33,Effect Of PV System Design And Financial Variables On Systems Perfomance And Financial Feasibility,International Conference on Energy,Conference,2023,0,"Muhammad Musadiq Ahmed, Abdul Shahzad Younis, Kashif Janjua, Muhammad Zaid Masood Khan",,,
33,Optimising PMU Placement using Integer Linear Programming for Complete Network Observability with Zero Injection Bus and N-1 Contingency,International Conference on Energy,Conference,2023,0,"Muhammad Musadiq Ahmed, Muhammad Amjad, Muhammad Ali Qureshi",,,
33,A Critical Review of State-of-the-Art Optimal PMU Placement Techniques,Energies,Journal,2022,3.25,"Muhammad Musadiq Ahmed, Muhammad Amjad, Muhammad Ali Qureshi, Kashif Imran, Zunaib Maqsood Haider, Muhammad Omer Khan",,,
33,Optimal PMU Placement to Enhance Observability in Transmission Networks Using ILP and Degree of Centrality,Energies,Journal,2024,3.25,"Muhammad Musadiq Ahmed, Muhammad Amjad, Muhammad Ali Qureshi, Omer Khan, Zunaib Maqsood Haider",,,
33,Novel Multi-Stage Phasor Measurement Unit Placement on Critical Buses with Observability Assessment,Energies,Journal,2025,3.25,"Muhammad Musadiq Ahmed, Muhammad Amjad, Muhammad Ali Qureshi, Omer Khan, Zunaib Maqsood Haider",,,
34,Polarization Reversal Characteristics of Ferroelectric-Schottky Diode Hybrid Structure,Journal,Journal,2020,1.3,"Muhammad Saqib, Shenawar Ali Khan, Sheik Abdur Rahman, Woo Young Kim",,,
34,Temperature-sensing behavior of poly (vinylidene fluoride-trifluoroethylene) film,Journal,Journal,2020,0.6,"Shenawar Ali Khan, Woo Young Kim, Muhammad Saqib",,,
34,High-performance humidity sensor based on the graphene flower/zinc oxide composite,Journal,Journal,2021,5,"Muhammad Saqib, Shenawar Ali Khan, Hafiz Mohammad Mutee Ur Rehman, Yunsook Yang, Seongwan Kim, Muhammad Muqeet Rehman, Woo Young Kim",,,
34,Highly efficient and wide range humidity response of biocompatible egg white thin film,Journal,Journal,2021,5,"Hafiz Mohammad Mutee Ur Rehman, Muhammad Muqeet Rehman, Muhammad Saqib, Shenawar Ali Khan, Maryam Khan, Yunsook Yang, Seongwan Kim, Sheik Abdur Rahman, Woo-Young Kim",,,
34,A full-range flexible and printed humidity sensor based on a solution-processed p (Vdf-trfe)/graphene-flower composite,Journal,Journal,2021,5,"Shenawar Ali Khan, Muhammad Saqib, Muhammad Muqeet Rehman, Hafiz Mohammad Mutee Ur Rehman, Sheik Abdur Rahman, Yunsook Yang, Seongwan Kim, Woo-Young Kim",,,
34,Polarization Reversal Characteristics in Capacitors with a Metal/Insulator/Ferroelectric/Metal Structure,Journal,Journal,2021,1.3,"Muhammad Saqib, Sheik Abdur Rahman, Shenawar Ali Khan, Hafiz Mohammad Mutee Ur Rehman, Woo Young Kim",,,
34,All-Printed Flexible Memristor with Metalâ€“Non-Metal-Doped TiO2 Nanoparticle Thin Films,Journal,Journal,2022,5,"Maryam Khan, Hafiz Mohammad Mutee Ur Rehman, Rida Tehreem, Muhammad Saqib, Muhammad Muqeet Rehman, Woo-Young Kim",,,
34,Characterization and performance evaluation of fully biocompatible gelatin-based humidity sensor for health and environmental monitoring,Journal,Journal,2023,2.6,"Maryam Khan, Muhammad Muqeet Rehman, Shenawar Ali Khan, Muhammad Saqib, Woo Young Kim",,,
34,"Wide-Range, Fast-Responsive Humidity Sensor Based on In2Se3/PEDOT:PSS Nanocomposite",Journal,Journal,2023,4.4,"Shenawar Ali Khan, Muhammad Saqib, Maryam Khan, Muhammad Muqeet Rehman, Sheik Abdur Rahman, Woo Young Kim",,,
34,Self-powered humidity sensor driven by triboelectric nanogenerator composed of bio-wasted peanut skin powder,Journal,Journal,2024,5,"Muhammad Saqib, Shenawar Ali Khan, Maryam Khan, Shahzad Iqbal, Muhammad Muqeet Rehman, Woo Young Kim",,,
34,"Hierarchically structured porous natural dielectric layer for sustainable pressure sensing, gesture monitoring, and detecting spatial pressure distribution",Journal,Journal,2024,6.7,"Shenawar Ali Khan, Shahzad Iqbal, Sheik Abdur Rahman, Muhammad Saqib, Muhammad Muqeet Rehman, Woo Young Kim",,,
34,"High performance triboelectric nanogenerator based on purified chitin nanopaper for the applications of self-powered humidity sensing, gait monitoring, and hyperhidrosis sensor",Journal,Journal,2024,8.7,"Shenawar Ali Khan, Muhammad Muqeet Rehman, Shahid Ameen, Muhammad Saqib, Maryam Khan, Woo Young Kim",,,
34,"DFT investigation of structural, electronic, optical, mechanical, and thermoelectric properties of halide perovskites XZnCl3(X = Ag, Au, Cu)",Journal,Journal,2025,2.8,"Abdul Shakoor, Bakhtiar ul Haq, Sikander Azam, Fakhra Ghafoor, Muhammad Saqib, Muhammad Waqas, H.W. Seo, Muhammad Jawad",,,
34,High Performance Triboelectric Nanogenerator Based on Metalâ€“Organic Framework Composites for IoT-Assisted Wireless Healthcare Monitoring,Journal,Journal,2025,13,"Shahzad Iqbal, Muhammad Muqeet Rehman, Zahir Abbas, Syed Adil Sardar, Muhammad Saqib, Yunsook Yang, and Woo Young Kim",,,
34,A Sustainable and Flexible Carbon Paper-Based Multifunctional Humanâ€“Machine Interface (HMI) Sensor,Journal,Journal,2025,4.7,"Muhammad Muqeet Rehman, Maryam Khan, Hafiz Mohammad Mutee ur Rehman, Muhammad Saqib, Shahzad Iqbal, Sang Seop Lim, Kun Hyun Park, Woo Young Kim",,,
34,2D materials-memristive devices nexus: From status quo to Impending applications,Journal,Journal,2025,33.6,"Muhammad Muqeet Rehman, Yarjan Abdul Samad, Jahan Zeb Gul, Muhammad Saqib, Maryam Khan, Rayyan Ali Shaukat, Rui Chang, Yijun Shi, Woo Young Kim",,,
34,"Adaptable self-powered humidity sensor based on a highly permeable, hierarchically fibrous, and chaotically textured sustainable biowaste",Journal,Journal,2025,8.7,"Muhammad Saqib, Muhammad Muqeet Rehman, Maryam Khan, Shahzad Iqbal, Ahmed Usman Ali, Ghayas Uddin Siddiqui, Woo Young Kim",,,
35,Design and Evaluation of PM Vernier Machine for Urban Air Mobility Propulsion Applications,IEEE Canadian Journal of Electrical,Journal,2025,1.9,"Abdur Rehman, Jungmoon Kang, Gilsu Choi",,,
35,Centralized Intelligent Home Energy Management System,International Renewable and Sustainable Energy Conference,Conference,2018,,"Abdur Rehman, Faisal Baig, Yousaf Hameed Khattak, Bernabe Mari, Anzar Mahmood",,,
36,A CMOS readout circuit for a low shunt resistance IR photo-detector,IEEE International Conference on El,Conference,2023,1.4,Saman Fatima; Emilie Avignon Meseldzija; Caroline Lelandais-Perrault; Mohamed Ben Chouikha; Philippe BÃ©nabÃ¨s,,,
37,Comparative Analysis of Urdu Parts Of Speech Taggers using Machine Learning Techniques,International Multitopic Conference,Conference,2020,0,"Muhammad Aqeel, Fawwad Hassan Jaskani, Hafsa Shaikh, Faheem Khuhawar, Muhammad Talha Amin, Muhammad Adeel Azam",,,
37,Facial Emotion Recognition using Deep Learning (FERDL),International Multitopic Conference,Conference,2023,0,"Muhammad Aqeel, Hafiz Arslan Ramzan, Ahmed Sohaib, Sadia Ramzan, Tehmina Kalsum",,,
37,Analysis of the MIDAS and OASIS biomedical databases for the application of multimodal image processing,Intelligent Technologies and Applic,Journal,2020,0,"Muhammad Aqeel, Muhammad Adeel Azam, Khan Bahadar Khan, Muhammad Aqeel, Abdul Rehman Chishti, Muhammad Nawaz Abbasi",,,
37,Brain tumor localization and segmentation based on Pixel-Based thresholding with morphological operation,Intelligent Technologies and Applic,Journal,2020,0,"Muhammad Aqeel, Muhammad Yousuf, Khan Bahadar Khan, Muhammad Adeel Azam",,,
37,Detection of Anomaly in Videos Using Convolutional Autoencoder and Generative Adversarial Network model,International Multitopic Conference,Conference,2005,0,"Muhammad Aqeel, Khan Bahadar Khan, Muhammad Adeel Azam, Muhammad Hamza Ghouri, Fawwad Hassan Jaskani",,,
37,Lungs nodule cancer detection using statistical techniques,international multitopic conference,Conference,2020,0,"Muhammad Aqeel, Waseem Abbas, Khan Bahadar Khan, Muhammad Adeel Azam, Muhammad Hamza Ghouri, Fawwad Hassan Jaskani",,,
37,Real-Time Apple Disease Detection and Classification Using Hybrid CNN Model,International Journal of Advanced N,Journal,2024,0,"Muhammad Aqeel, Abdul Rafay, Muhammad Iqbal, Ahmed Sohaib, Badarul Islam Ahmed Zaheer",,,
37,Web-Based method to connect organizations and IT people using iterative model,International Journal of Informatio,Journal,2023,0.65,"Muhammad Aqeel, Muhammad Imtiaz, Muhammad Sikander Shahbaz",,,
37,Real-Time Health Monitoring Smart System for Cardiac Patients using Internet of Things (IoT),International Journal of Electrical,Journal,2023,0.8,"Muhammad Aqeel, Hammad Shahab, Hussain Mahmood Sargana, Muhammad Sikander Shahbaz, Muhammad Kamran, Irfan Ullah, Faizan Qaisar",,,
37,Intelligent Smart Energy Meter Reading System Using Global System for Mobile Communication,International Journal of Intelligen,Journal,2023,0.7,"Muhammad Aqeel, Hammad Shahab, Muhammad Naeem, Muhammad Sikander Shahbaz, Faizan Qaisar, Muhammad Ali Shahzad",,,
37,Recent trends in cloud computing and IoT platforms for it management and development: a review,Pakistan Journal of Engineering and,Journal,2023,0,"Muhammad Aqeel, Faizan Qaisar, Hammad Shahab, Muhammad Iqbal, Hussain Mahmood Sargana, Muhammad Arslan Qayyum",,,
37,IoT-Driven Smart Agricultural Technology for Real-Time Soil and Crop Optimization,Smart Agricultural Technology,Journal,2025,6.3,"Muhammad Aqeel, Hammad Shahab, Muhammad Naeem, Muhammad Iqbal, Syed Sajid Ullah",,,
37,Milk adulteration identification using hyperspectral imaging and machine learning,Journal of Dairy Science,Journal,2025,3.7,"Muhammad Aqeel, Ahmed Sohaib, Muhammad Iqbal, Syed Sajid Ullah",,,
37,Hyperspectral Identification of Milk Adulteration using Advance Deep Learning,IEEE Access,Journal,2024,3.4,"Muhammad Aqeel, Ahmed Sohaib, Muhammad Iqbal, Syed Sajid Ullahd",,,
37,Hyperspectral identification of oil adulteration using machine learning techniques,Journal: Current Research in Food S,Journal,2024,6.3,"Muhammad Aqeel, Ahmad Sohaib, Muhammad Iqbal, Hafeez Ur Rehman, Furqan Rustam",,,
39,A Novel Bistatic-SAR Simulation-Based On Fixed Receiver,2020 IEEE International Multit,Conference,2020,2.2,Abdul Wahab; Kashif Hussain; Haroon Ahmed; Tahir Bashir; Kamil Jalal; Zeeshan Hameed,,,
39,Multi-Factor Trust Management in Distributed Storage Networks based on Capacity and Behavior,2024 9th International Conference,Conference,2024,2.2,Ibe Van Thillo; Zeeshan Hameed; Claus Pahl,,,
39,Motion Synchronization Control for a Large Civil Aircraftâ€™s Hybrid Actuation System Using Fuzzy Logic-Based Control Techniques,Mathematics,Journal,2023,2.2,"Waheed Ur Rehman, Xingjian Wang, Zeeshan Hameed, Muhammad Yasir Gul",,,
39,Motion synchronization for the SHA/EMA hybrid actuation system by using an optimization algorithm,"Journal for Control, Measurement",Journal,2021,1.7,"Waheed Ur Rehman, Xinhua Wang, Yiqi Cheng, Hui Chai, Zeeshan Hameed, Xingjian Wang, Farrukh Saleem",,,
39,Hierarchical Boosting Dual-Stage Feature Reduction Ensemble Model for Parkinsonâ€™s Disease Speech Data,Diagnostics,Journal,2021,3.3,"Mingyao Yang, Jie Ma, Pin Wang, Zhiyong Huang, Yongming Li, He Liu, Zeeshan Hameed",,,
39,Weighted Hybrid Feature Reduction Embedded with Ensemble Learning for Speech Data of Parkinsonâ€™s Disease,Mathematics,Journal,2021,2.2,"Zeeshan Hameed, Waheed Ur Rehman, Wakeel Khan, Nasim Ullah, Fahad R. Albogamy",,,
39,Robust-DSN - Performance and Fault Tolerance of a Distributed Storage Network,Eighth International Conference,Conference,2023,2.3,Zeeshan Hameed; Hamid R. Barzegar; Nabil El Ioini; Claus Pahl,,,
39,Robust-DSN: A Hybrid Distributed Replication and Encoding Network Grouped with a Distributed Swarm Workflow Scheduler,Electronincs,Journal,2024,2.6,"Zeeshan Hameed, Hamid R. Barzegar, Nabil El Ioini, Claus Pahl",,,
39,BE-DSN: leveraging blockchain for improving data availability and security in distributed storage networks,Cluster Computing Journal,Journal,2025,4.1,"Zeeshan Hameed, Hamid R. Barzegar, Nabil El Ioini & Claus Pahl",,,
39,A secure and reliable distributed storage system with multi-factor trust-aware workflow scheduling,Cluster Computing,Journal,2025,4.1,"Zeeshan Hameed, Claus Pahl, Mohammad Hajian Berenjestanaki & Ibe Van Thillo",,,
40,Dual-Core: Dual Collision Resolution for Massive Access in Cellular IoT Networks,IEEE Transactions on Communications,Journal,2025,8.3,"Huiyang Xie, Waqas Tariq Toor, Jun-Bae Seo, Hu Jin",,,
42,Physical layer security for wireless sensing and joint radar and communications,Physical Layer Security for Wireles,Journal,2024,0,"S. Rafique, Ahmed Naeem, H. Arslan",,,
42,Domain physical modification for PLS,Physical Layer Security for Wireles,Journal,2024,0,"S.E. Zegrar, Ahmed Naeem, H.M. Furqan, H. Arslan",,,
42,Blind Signal Analysisâ€”Wireless Communication Signals: A L,Wireless Communication Signals,Journal,2021,0,"Mehmet Ali Aygul, Ahmed Naeem, Huseyin Arslan",,,
42,Fall Detection using Accelerometer Calibration,15th International Conference on Em,Conference,2019,0,"Ahmed Naeem, S. Khan",,,
42,Joint Radar and Communication based Blind Signal Separation using a New Non-Linear Function for Fast-ICA,2021 IEEE 94th Vehicular Technology,Conference,2021,0,"Ahmed Naeem, H. Arslan",,,
42,A Novel Frame Design for Non-Terrestrial Network Based Integrated Sensing and Communication,IEEE 33rd Annual International Symp,Conference,2022,0,"Ahmed Naeem, S. Rafique, H. Arslan",,,
42,Radar-Aided Communication Scheduling Algorithm for 5G and Beyond Networks,IEEE Access,Journal,2022,3.6,"A. M. Jaradat, Ahmed Naeem, M. I. SaÄŸlam, M. Kartal, H. Arslan",,,
42,Joint Adaptive OFDM and Reinforcement Learning Design for Autonomous Vehicles: Leveraging Age of Updates,IEEE Open Journal of Vehicular Tech,Journal,2025,4.8,"M. Delamou, Ahmed Naeem, H. Arslan, E. M. Amhoud",,,
42,Polarization-Based Multiplexing: Enabling Spectrum Efficient Joint Radar and Communication,IEEE Wireless Communications Letter,Journal,2024,5.5,"Ahmed Naeem, Mamady Delamou, El Mehdi Amhoud, HÃ¼seyin Arslan",,,
42,A Novel User Association Scheme for Joint Radar and Communication in Cell-Free mMIMO Systems,IEEE Transactions on Vehicular Tech,Journal,2025,7.1,"Ahmed Naeem, E. M. Amhoud, H. Arslan",,,
42,A Temporal Broadening-Aware Pulse Width Adaptation Scheme for ISI Mitigation and Energy Efficiency in THz Communication,IEEE Transactions on Green Communic,Journal,2025,6.7,"Ahmed Naeem, S. Rafique, Abu B. Kihero, H. Arslan",,,
43,A Multimodal Framework for MODT Using Enhanced Correlation-Based Affinity Metrics in Autonomous Driving,The 7th International Conference on Artificial Intelligence in Information and Communication,Conference,2025,1,"MUHAMMAD ADEEL ALTAF, Min Young Kim",,,
43,Multi-Modal Integration of 2D and 3D Attributes for Multi-Vehicles Tracking,15th International Conference on In Vehicles Tracking,Conference,2024,1,"MUHAMMAD ADEEL ALTAF, Min Young Kim",,,
43,Gaussian Mixture Model-based Data Association Incorporating Deep Learning Network for Multivehicle Tracking and Detection in Autonomous Driving Systems,Advanced Intelligent Systems,Journal,2025,6.1,"MUHAMMAD ADEEL ALTAF, Min Young Kim",,,
43,"Usage of IR Sensors in HVAC Systems, Vehicles, and Manufacturing Industries: A Review",IEEE Sensors Journal,Journal,2022,5.13,"MUHAMMAD ADEEL ALTAF, Min Young Kim",,,
43,Multiple Object Detection and Tracking in Autonomous Vehicles: A Survey on Enhanced Affinity Computation and Its Multimodal Applications,ICT Express,Journal,2025,4.2,"MUHAMMAD ADEEL ALTAF, Min Young Kim",,,
